<?xml version="1.0" encoding="UTF-8" ?>
<!DOCTYPE PERSPECTIVE SYSTEM "perspective.dtd">
<PERSPECTIVE>
<BUFFER AUTORELOAD="TRUE" AUTORELOAD_DIALOG="TRUE">C:\myplweb\800\null\Java_Tungsh\3\Compare.html</BUFFER>
<BUFFER AUTORELOAD="TRUE" AUTORELOAD_DIALOG="TRUE">C:\myplweb\800\null\Java_Tungsh\3\Compare.java</BUFFER>
<BUFFER AUTORELOAD="TRUE" AUTORELOAD_DIALOG="TRUE">C:\myplweb\800\null\Java_Tungsh\3\Compare.part</BUFFER>
<VIEW PLAIN="FALSE">
<PANES>
"C:\\myplweb\\800\\null\\Java_Tungsh\\3\\Compare.java" buffer "C:\\myplweb\\800\\null\\Java_Tungsh\\3\\Compare.html" buff "C:\\myplweb\\800\\null\\Java_Tungsh\\3\\Compare.java" buff "C:\\myplweb\\800\\null\\Java_Tungsh\\3\\Compare.part" buff "view" bufferset
</PANES>
<GEOMETRY X="171" Y="166" WIDTH="1000" HEIGHT="745" EXT_STATE="6" />
</VIEW>
</PERSPECTIVE>
